{
    "name":"ColdBox Compatibility Module",
    "version":"1.1.0.0000",
    "author":"Brad Wood",
    "location":"",
    "directory":"",
    "createPackageDirectory":true,
    "packageDirectory":"",
    "homepage":"",
    "documentation":"",
    "repository":{
        "type":"",
        "url":""
    },
    "bugs":"",
    "slug":"cbcompat",
    "shortDescription":"A module for ColdBox 4.0 apps that restores functions, conventions, and plugin functionality from ColdBox 3.x to make upgrading easier.",
    "description":"",
    "instructions":"Install this module in a ColdBox 4.0 app to get back some of the 3.x functionality. ",
    "changelog":"",
    "type":"",
    "keywords":[
        
    ],
    "private":false,
    "engines":[
        {
            "type":"railo",
            "version":">=4.1.x"
        },
        {
            "type":"adobe",
            "version":">=10.0.0"
        }
    ],
    "defaultEngine":"",
    "defaultPort":0,
    "projectURL":"",
    "license":[
        {
            "type":"",
            "url":""
        }
    ],
    "contributors":[
        
    ],
    "dependencies":{
        
    },
    "devDependencies":{
        
    },
    "installPaths":{
        
    },
    "ignore":[
        
    ],
    "testbox":{
        "runner":[
            {
                "default":""
            }
        ],
        "labels":[
            
        ],
        "reporter":"",
        "reporterResults":"",
        "bundles":[
            ""
        ],
        "directory":{
            "mapping":"",
            "recurse":true
        },
        "watchers":[
            
        ],
        "notify":{
            "emails":[
                
            ],
            "growl":"",
            "url":""
        }
    }
}